id_cliente;nome;endereco;telefone;email;faixa_renda
1;Guilherme Nascimento;Ladeira Costa, 3, Castro, Espírito Santo;+55 21 5619-9155;ana-vitoriajesus@example.net;10198,19
2;Daniela Nogueira;Esplanada Laura Costa, 569, Martins, Minas Gerais;+55 (071) 5475 4450;teixeiradavi-luiz@example.net;4564,0
3;João Pedro Araújo;Viaduto Sales, 2, Nunes, Minas Gerais;+55 (084) 8779-3552;amandafreitas@example.org;14949,02
4;Cauã Pinto;Recanto Teixeira, 52, Campos, Rio de Janeiro;+55 81 1113-1392;raul64@example.net;5802,83
5;Enzo Gabriel da Luz;Ladeira Carlos Eduardo da Rocha, 3, Castro do Campo, Rio de Janeiro;+55 (021) 2922-9252;luiz-felipe95@example.net;9236,72
6;Luiz Otávio Sales;Viela Rodrigues, 97, Barros da Serra, Minas Gerais;0500 397 3500;julia06@example.net;4319,03
7;Ian da Rosa;Viela Moura, 540, Gonçalves, São Paulo;84 9568-7167;portohenrique@example.net;5852,44
8;Pedro Miguel da Rosa;Viela Campos, 42, Rodrigues das Flores, Minas Gerais;61 0266 9591;ana-clara94@example.org;14145,2
9;Sophia da Cunha;Viaduto João Lucas Campos, 24, Cardoso de Goiás, Rio de Janeiro;0800-005-0466;da-rochalara@example.org;5947,75
10;Dr. João Gabriel Rodrigues;Vila Rodrigues, 89, Moreira, Rio de Janeiro;+55 51 8922 9568;olivia42@example.org;6972,14
11;Maysa da Rosa;Parque de da Mata, 937, Jesus de Pinto, Minas Gerais;71 4487 7852;luiz-fernandoramos@example.com;7664,32
12;Dra. Nicole Ramos;Aeroporto de Campos, 62, da Rosa Paulista, Rio de Janeiro;51 0854 9699;brendapereira@example.com;9932,05
13;Luiz Felipe Nogueira;Rua Luiza Freitas, 4, Cavalcanti, Minas Gerais;0900-604-1496;mariaferreira@example.net;9688,23
14;Nicole Gonçalves;Via de Barros, 90, Cunha da Serra, Minas Gerais;+55 81 0634-6470;joao-gabriel43@example.com;11890,83
15;Cauã Rodrigues;Vale Isabella da Cunha, 86, da Cruz, São Paulo;0300 964 4437;thomas49@example.com;12815,59
16;Joana Azevedo;Viaduto Fogaça, 163, Pinto dos Dourados, Espírito Santo;(071) 6853 5313;silvaenrico@example.net;6468,77
17;Heitor Novaes;Estação de Freitas, 50, Oliveira, São Paulo;+55 (071) 2187 1159;ana-livia28@example.net;14546,01
18;Pedro Miguel da Mota;Praia de Aragão, 94, Silva de Minas, Minas Gerais;71 6681-4078;gcampos@example.org;6428,37
19;Dr. Davi Luiz Araújo;Travessa Ana Clara Campos, 52, Pereira, São Paulo;+55 11 8846-1382;diogo46@example.org;14658,31
20;Maitê da Mota;Setor Gustavo Carvalho, 51, Pires, São Paulo;+55 61 7789 1662;ddas-neves@example.net;9689,29
21;Maria Alice Aragão;Loteamento de Nascimento, 49, Oliveira, Rio de Janeiro;+55 41 9247 7399;anthonycaldeira@example.com;5994,74
22;Ana Vitória Castro;Distrito Ana Sophia Alves, 2, Mendes do Amparo, Rio de Janeiro;0500-004-3886;vianamatheus@example.net;7107,6
23;Henrique Costela;Vila Eduarda Gomes, 792, Oliveira, Espírito Santo;81 9256 5397;qfarias@example.com;12051,83
24;Dr. Antônio Castro;Estrada Teixeira, 899, Novaes da Prata, Rio de Janeiro;(084) 3698-2954;laviniaduarte@example.org;5601,83
25;Brenda Silveira;Viaduto Ana Beatriz Moreira, 96, Teixeira Grande, São Paulo;(011) 2287 6993;ycampos@example.com;13536,73
26;Marina Freitas;Avenida Novaes, 9, Araújo, Minas Gerais;0300 446 4730;irocha@example.net;8868,92
27;Emilly Duarte;Praça da Cruz, 38, Mendes do Amparo, Espírito Santo;+55 (081) 1267 1149;vicentefarias@example.org;12984,41
28;Anthony Rezende;Distrito de Gomes, 989, Viana, São Paulo;61 4809 6132;leonardo29@example.net;12856,13
29;Dra. Julia Monteiro;Via de Cavalcanti, 96, Ferreira Verde, São Paulo;+55 61 0275 0881;isabella06@example.org;11771,94
30;Gabrielly Rodrigues;Aeroporto Barros, 455, Pinto, Espírito Santo;0800-038-3577;da-pazana-laura@example.com;7313,68
31;Sabrina Moreira;Feira Ribeiro, 379, Martins de Rocha, Rio de Janeiro;21 1862 8712;benicio87@example.com;9036,18
32;Matheus Farias;Condomínio de Oliveira, 81, Cunha de da Cunha, Rio de Janeiro;0800 445 0468;bsilveira@example.com;7898,15
33;Maria Cecília Peixoto;Travessa Lima, Almeida do Norte, São Paulo;+55 (051) 6824 6454;qcardoso@example.org;4775,1
34;Levi Campos;Setor de da Costa, 80, da Rosa Grande, São Paulo;84 2145-0511;amoraes@example.net;4817,06
35;Luiz Otávio Costela;Via de Araújo, 20, Barros, Espírito Santo;+55 (051) 8230-3308;kaique59@example.com;8172,03
36;Melissa Sales;Vila de Araújo, 516, Teixeira, São Paulo;0500 754 0137;yfernandes@example.com;12860,03
37;João Lucas Ribeiro;Sítio Murilo da Cunha, Barros, Minas Gerais;+55 71 9039-9121;beniciomoreira@example.com;5349,79
38;Benjamin Azevedo;Largo de Rocha, 57, Barros das Pedras, São Paulo;+55 (031) 1261-4000;vbarros@example.net;7114,83
39;Luiz Fernando Mendes;Alameda Ribeiro, 51, Souza, Espírito Santo;+55 (084) 6652-0278;ferreiraaugusto@example.org;13963,86
40;Thiago Silva;Campo Moura, 131, Pereira, São Paulo;(084) 1157-4263;beatriz92@example.org;6010,07
41;Lucca Oliveira;Estrada de Rezende, 31, Moraes das Flores, Rio de Janeiro;21 8834 9203;barbara51@example.com;5976,88
42;Luiz Fernando da Mata;Condomínio Eduardo da Mota, 879, das Neves de Melo, Minas Gerais;(084) 0881-2057;zcardoso@example.com;14799,61
43;Clarice Porto;Passarela Yuri Novaes, 92, Rocha, Rio de Janeiro;+55 41 7924-3516;carolinedas-neves@example.com;12905,02
44;Valentina Sales;Estação Pietra Teixeira, 830, Pinto, Rio de Janeiro;+55 (021) 1887-1872;qnascimento@example.com;6751,66
45;Maria Eduarda Aragão;Aeroporto de Moraes, 355, Nunes, São Paulo;31 6684-5229;ribeiroana-carolina@example.net;14935,71
46;Emanuel da Luz;Condomínio Melo, 588, Mendes, Minas Gerais;0800-954-0892;nda-cunha@example.com;6855,82
47;Joaquim Barros;Loteamento da Mata, 55, Barbosa de Aragão, Minas Gerais;+55 (011) 2421 5061;bviana@example.net;5710,68
48;Rodrigo Lima;Estação de da Luz, 884, Barbosa do Campo, Espírito Santo;+55 (041) 9632 5701;maria-vitoria96@example.net;13420,7
49;Catarina Ribeiro;Quadra de Porto, 996, Dias, Espírito Santo;(031) 5408 7289;davioliveira@example.org;6654,41
50;Vitor Barbosa;Praça Maria Barros, 1, Alves, São Paulo;0900-746-5012;monteiroigor@example.org;14186,81
51;Caio Ferreira;Viaduto de Monteiro, 85, Pires de da Mota, Minas Gerais;(081) 3194-1960;marianajesus@example.net;4521,04
52;André Gonçalves;Avenida Ryan Viana, 3, Cardoso, Minas Gerais;+55 41 2104 0517;raraujo@example.net;5234,69
53;Valentina Moura;Conjunto Lopes, 75, Lima, São Paulo;71 9977 4143;freitasluiz-miguel@example.com;8961,55
54;Henrique Rezende;Morro Azevedo, da Luz, São Paulo;+55 (011) 8443 0247;maria-sophia28@example.com;12000,7
55;Isabel Freitas;Viaduto Lima, 56, Barros Paulista, São Paulo;11 4552-5003;azevedopedro-lucas@example.net;7871,45
56;Kevin Monteiro;Rodovia da Paz, 9, Campos, Rio de Janeiro;(021) 4841 5396;vitor-gabrielcastro@example.org;14824,3
57;Sofia Pereira;Praia Silveira, 910, Campos, Minas Gerais;+55 11 7911 7334;msilveira@example.com;14892,28
58;Gabriel Barbosa;Largo Laura Cardoso, 814, Mendes de Campos, Minas Gerais;41 3585 0306;zvieira@example.net;7280,03
59;Sr. Luiz Otávio Sales;Residencial Teixeira, 370, Cunha, Espírito Santo;+55 61 4150-1975;tsantos@example.org;11597,06
60;Sr. João Gabriel Almeida;Alameda Alves, 50, Cunha das Flores, Espírito Santo;(081) 3427 0168;novaesmaria-fernanda@example.com;10435,11
61;Danilo Nascimento;Largo de Moreira, 307, Fogaça, Minas Gerais;84 4582-0163;levisouza@example.net;6934,39
62;Nicolas da Mata;Jardim Alexia Vieira, 554, da Rosa, Rio de Janeiro;61 9889-9662;vsales@example.net;4972,05
63;Eduardo Correia;Parque Castro, 73, Teixeira, Espírito Santo;41 3639 7880;cvieira@example.org;6543,78
64;Davi Lucas da Luz;Núcleo de Vieira, 39, Cardoso das Pedras, Minas Gerais;+55 (011) 7002-8792;laviniabarros@example.com;6803,21
65;Calebe Moreira;Estação de Nunes, 8, Teixeira Paulista, Rio de Janeiro;+55 51 9199 8028;joaquim23@example.com;11269,87
66;Dra. Luiza Carvalho;Lagoa Jesus, 59, Azevedo, São Paulo;41 1999-9007;da-rosadanilo@example.org;7083,98
67;Ryan Fernandes;Lagoa Pedro Lucas Sales, 2, Fogaça, Espírito Santo;0900-526-9637;ynovaes@example.com;4498,63
68;Larissa Santos;Parque Cavalcanti, 737, Viana, Rio de Janeiro;84 5945 3877;ana-liviamelo@example.com;10861,93
69;Nina Azevedo;Ladeira de Melo, 45, Jesus das Flores, Rio de Janeiro;+55 51 4696 8527;thalesmoreira@example.com;13364,04
70;Gustavo Araújo;Via Thomas Souza, 55, Novaes, Espírito Santo;(061) 3915-3223;antonioazevedo@example.net;8342,41
71;Bianca das Neves;Avenida de Aragão, 22, Rezende, Rio de Janeiro;+55 (061) 2429 3443;benicio99@example.net;6521,42
72;Alice Almeida;Viaduto Farias, 53, da Cruz, São Paulo;+55 (021) 9528-6654;miguel20@example.com;5803,5
73;Maria Eduarda da Costa;Largo Nicole Fogaça, 198, Campos, Rio de Janeiro;+55 (084) 4991 9684;da-rosayuri@example.org;8432,12
74;Srta. Júlia Dias;Avenida de Freitas, 6, Gomes, Espírito Santo;+55 84 1022 6976;da-cunhaisabel@example.net;8585,63
75;Sr. Leonardo da Rosa;Residencial Souza, 9, Campos do Oeste, Rio de Janeiro;51 0760 1642;isaac34@example.net;10598,85
76;Stephany Lopes;Favela Cauã das Neves, 5, da Cruz, Rio de Janeiro;+55 (021) 5188 7017;rafaela11@example.org;5021,05
77;Enzo Gabriel Barros;Morro Rocha, 44, Dias, Rio de Janeiro;+55 11 7816-5894;meloluiza@example.org;13295,2
78;Catarina Silva;Favela Pedro Henrique Moraes, 15, Gomes, Minas Gerais;+55 (031) 5585 9863;ksilveira@example.org;5133,18
79;Dr. Bruno Correia;Estrada Azevedo, Araújo, Espírito Santo;+55 (061) 6425 1192;dcorreia@example.net;13110,38
80;Sr. Benjamin Correia;Lago Pinto, 79, Peixoto, Minas Gerais;+55 (051) 1837-9309;brunamendes@example.org;8958,14
81;Mariana Rocha;Vila de Teixeira, Cardoso, Minas Gerais;+55 11 5656-6771;vitor-hugo02@example.net;10331,84
82;Ana Beatriz Cunha;Esplanada Isabella da Conceição, 4, Oliveira, Minas Gerais;+55 31 9834-2008;juanbarros@example.org;7489,22
83;Esther Costa;Vila Nina Campos, 98, Novaes Paulista, São Paulo;+55 61 1018 8581;davi-lucas38@example.org;10309,25
84;Srta. Ana Laura Moura;Rodovia Luiz Otávio Costela, 51, da Cunha, São Paulo;0500-545-5951;mendesleonardo@example.net;9418,15
85;Thiago Silveira;Quadra de da Mota, 31, da Paz, Minas Gerais;+55 11 0789-2485;joao-gabrielcorreia@example.com;9411,8
86;Mariane Rodrigues;Recanto Erick Sales, Correia do Oeste, São Paulo;(031) 9155-1653;cunhaluiz-henrique@example.com;7178,22
87;Dr. Benício Moreira;Travessa Emilly Carvalho, 1, Barros, Minas Gerais;+55 31 1719-3521;mendesevelyn@example.net;4404,66
88;Ana Sophia Nunes;Colônia de Cardoso, 5, Gonçalves de Rezende, Rio de Janeiro;+55 71 8177-8156;luiz-henriquefarias@example.com;9021,73
89;Yuri Nascimento;Sítio Martins, 80, Fernandes de Minas, Espírito Santo;84 4365-7626;bsouza@example.org;8655,27
90;Maria Eduarda Farias;Pátio Cavalcanti, 883, da Conceição do Sul, Espírito Santo;41 0225-4959;cnunes@example.com;11856,66
91;Maria Clara Ferreira;Aeroporto Arthur Aragão, 887, das Neves, Rio de Janeiro;+55 71 3297-3866;steixeira@example.org;7140,0
92;Sra. Maria Clara Santos;Rua Rocha, 74, Fogaça, São Paulo;0300-166-4472;camposalexia@example.com;4032,76
93;Marcelo Gomes;Viaduto Barros, Ferreira, Rio de Janeiro;+55 (071) 0301-3398;araujoigor@example.net;4966,58
94;Alana Teixeira;Vereda Milena Araújo, Peixoto, Rio de Janeiro;61 2518 5969;igorpires@example.net;8777,66
95;Maria Julia Oliveira;Esplanada Fernandes, 42, Silveira, Minas Gerais;21 5006 8179;da-rosajoao-guilherme@example.com;10950,43
96;Pedro Lucas Ribeiro;Viaduto Cavalcanti, 72, Alves, Rio de Janeiro;+55 (041) 3609 9165;yuri23@example.org;7234,87
97;Dr. Luiz Miguel Carvalho;Jardim Santos, 71, Ribeiro, Espírito Santo;84 3249 8204;oliveiragiovanna@example.com;13737,3
98;Sra. Maria Eduarda Cavalcanti;Lagoa Lucas Gabriel Castro, Teixeira, Rio de Janeiro;21 8374-7811;almeidaluiz-fernando@example.com;4886,67
99;Emilly Campos;Lagoa Pietro Novaes, 561, Mendes, Rio de Janeiro;+55 71 4147 0627;manuela74@example.net;12574,08
100;Valentina Freitas;Núcleo Vinicius Nogueira, 75, Gomes, Rio de Janeiro;81 7875-5405;igor62@example.com;10095,06
101;Sra. Isabel Carvalho;Condomínio Oliveira, 53, Azevedo, São Paulo;+55 (011) 7421 0944;joao-lucas35@example.net;4219,63
102;Maria Luiza Rocha;Campo de Moreira, Rodrigues, Rio de Janeiro;51 7411 0460;fpeixoto@example.com;6470,47
103;Manuela Cavalcanti;Lagoa de Rodrigues, 54, Moreira de Nunes, Rio de Janeiro;+55 (061) 3263 1955;lucas-gabriel54@example.org;6924,31
104;Laís Vieira;Ladeira de da Cunha, 68, da Mota, Espírito Santo;+55 (084) 2349-2677;novaesenrico@example.net;8787,02
105;Olivia Correia;Recanto Cauê Costa, Moraes do Galho, Minas Gerais;(061) 8744-7192;ifogaca@example.net;8405,04
106;Daniela Aragão;Rua Vitor Gabriel Sales, 312, da Rosa, Rio de Janeiro;+55 (071) 0946-1484;maitecosta@example.net;6841,18
107;Benjamin Alves;Residencial de Peixoto, 95, Pires da Prata, Espírito Santo;(021) 1967 2969;emelo@example.com;5775,64
108;Caroline da Costa;Lagoa Porto, 24, Oliveira, Espírito Santo;+55 84 7251-7098;calebesales@example.net;10422,72
109;João Miguel da Rosa;Aeroporto Alexia Melo, 76, Cardoso da Praia, Minas Gerais;+55 (084) 4956-4361;isadora42@example.net;14026,01
110;Mirella Jesus;Vila Ryan Pinto, 19, Sales, Rio de Janeiro;+55 (071) 4648 4932;azevedoana-luiza@example.net;5150,34
111;Isabel Monteiro;Lago Igor da Paz, 116, Rezende, Espírito Santo;+55 (084) 8279-0588;marcos-viniciuscosta@example.net;9744,43
112;Lívia da Conceição;Morro Cardoso, 93, Cardoso do Amparo, Rio de Janeiro;+55 31 3085 8367;raquel39@example.net;14617,57
113;Dr. Diogo Aragão;Viaduto de Lopes, 47, Nascimento da Prata, São Paulo;+55 61 9184-7006;ana-juliavieira@example.com;12761,84
114;Benjamin Nogueira;Fazenda da Cunha, 7, Araújo de Minas, Minas Gerais;0900-911-3846;levisilva@example.com;11915,89
115;Dra. Ana Carolina Nogueira;Estrada das Neves, 228, Caldeira de Viana, Espírito Santo;(061) 8022-1193;matheuscarvalho@example.org;7680,76
116;Maria Sophia Pires;Jardim Mariane Farias, 5, Cunha Paulista, Rio de Janeiro;0300-189-2695;vicente12@example.org;4090,04
117;Dr. Gabriel Ribeiro;Lagoa Alves, 89, Campos Grande, Minas Gerais;+55 84 9184-4558;laura45@example.org;14960,11
118;Pietro Barbosa;Lagoa Larissa Nunes, 84, Pinto, Rio de Janeiro;+55 84 2310 1314;vitor-hugodas-neves@example.com;4707,99
119;Davi Lucas Souza;Viaduto Moreira, 94, Peixoto, Espírito Santo;+55 81 4761-3322;ogomes@example.com;6527,38
120;Rafael Nascimento;Esplanada Correia, 40, Pereira de da Mota, Rio de Janeiro;+55 (051) 1826 6432;mfernandes@example.com;5886,34
121;Cauã Farias;Esplanada de Rocha, 53, da Rosa do Campo, Rio de Janeiro;81 9119-0421;caiosilveira@example.com;10095,97
122;Nina Nogueira;Aeroporto Santos, 779, Cardoso, São Paulo;71 9558-8443;jesuslivia@example.com;8935,82
123;Ana Carolina Pereira;Vereda de das Neves, 35, Viana de Fogaça, Espírito Santo;(031) 4477-1357;levi83@example.org;9462,58
124;Maria Sophia Almeida;Viela Luiz Otávio Moura, 36, da Cunha, São Paulo;(084) 5316-8463;raqueldias@example.com;7245,21
125;Srta. Maria Vitória Barros;Setor Nogueira, 25, Dias, Espírito Santo;+55 (071) 4368 7784;lucas-gabrielmonteiro@example.net;12236,46
126;Srta. Ana Clara Nascimento;Núcleo Henrique Viana, 57, Lopes de Goiás, Minas Gerais;+55 (041) 7369-6814;pmonteiro@example.net;12849,82
127;João Guilherme Araújo;Esplanada Nicole Ferreira, 5, Melo do Norte, Minas Gerais;+55 41 1562-8702;ogomes@example.com;13877,1
128;Ana Sophia Moreira;Loteamento Isaac Jesus, 914, Azevedo de Gomes, Espírito Santo;(011) 9568 3972;gabriel34@example.org;7230,95
129;Dra. Rebeca Silva;Esplanada de Martins, 22, Ramos Verde, São Paulo;(051) 3892 4126;gabriela80@example.org;7167,99
130;Lucca da Conceição;Lago João Gabriel Ribeiro, 8, Viana Alegre, Minas Gerais;0500-071-3192;isis21@example.org;4772,19
131;Srta. Maitê da Mota;Via de Porto, 59, Araújo de da Luz, São Paulo;+55 (084) 5364 6417;murilo42@example.com;10812,7
132;João Gabriel da Cruz;Vila Isabelly Mendes, 190, da Mata de Martins, Rio de Janeiro;(011) 5419 8900;vitor-gabrielda-luz@example.net;10502,76
133;Bryan Silva;Rua de Silva, 47, Araújo do Sul, Minas Gerais;11 8612-2646;yasminduarte@example.org;9145,43
134;Dr. Lucas Duarte;Residencial de Farias, Moreira da Mata, Rio de Janeiro;81 3352-0733;diasraul@example.com;6261,87
135;Ian Aragão;Largo Azevedo, 14, Fernandes, Espírito Santo;+55 11 4226 3029;carvalhodavi-luiz@example.net;11136,35
136;Luana Pinto;Travessa Souza, 487, das Neves do Campo, São Paulo;(011) 6597-8508;joao-guilhermeda-rocha@example.net;6763,58
137;Gabrielly Pereira;Setor Costela, 23, Aragão, Espírito Santo;+55 21 5239 1547;cardosoana@example.org;11773,78
138;Sr. Davi Almeida;Vale Lorena Costela, Martins da Praia, Espírito Santo;+55 11 7942 3707;rafael07@example.com;6114,93
139;Benício Vieira;Jardim de Lopes, 19, Ribeiro, Rio de Janeiro;81 7096 3146;isis44@example.org;4647,66
140;Erick das Neves;Avenida Benjamin Porto, 93, Lima do Campo, São Paulo;0300 717 2896;da-matadaniela@example.com;13962,11
141;João Gabriel Fogaça;Trevo Yasmin Ramos, 1, Martins, Rio de Janeiro;81 7284 6816;cporto@example.net;9032,75
142;Bruno Vieira;Rua Souza, 570, Campos, Rio de Janeiro;31 1670 2237;emilly59@example.com;8817,0
143;Isadora Castro;Jardim Júlia da Paz, 9, Dias da Prata, Espírito Santo;(061) 5556-5417;aribeiro@example.com;5284,66
144;Ana Vitória Almeida;Conjunto de da Mata, da Costa Alegre, São Paulo;+55 (084) 8542-3985;gomesmelissa@example.com;12372,04
145;Joana da Mota;Feira Arthur da Cunha, 933, Correia, Rio de Janeiro;81 6840 0765;gomesalexandre@example.net;4336,69
146;João Gabriel Nascimento;Passarela Isabel Vieira, 52, Moreira da Prata, Espírito Santo;+55 84 5796 0393;kaiquepereira@example.net;11535,88
147;Noah Silva;Passarela Sales, Lopes, Espírito Santo;(051) 3248 3728;bpeixoto@example.com;14996,78
148;Emilly Jesus;Rodovia de Rezende, Cavalcanti da Mata, Rio de Janeiro;(061) 5159 4151;moraescaue@example.org;11328,29
149;Stella da Mota;Vereda Vitor Gabriel Moreira, 69, Castro, São Paulo;+55 21 9647-9747;ccorreia@example.com;14036,79
150;Vitor Gabriel Rodrigues;Estação Julia Correia, 7, Lopes de Rodrigues, Minas Gerais;61 2377-1753;lduarte@example.org;12669,04
151;Dra. Maitê Campos;Vila Silva, 73, da Mata, Espírito Santo;(021) 7832-8275;marina45@example.com;6875,9
152;Leonardo Nogueira;Vereda de Novaes, 73, Ramos, Minas Gerais;+55 51 2347 8131;fernandesmiguel@example.net;13353,75
153;Benício Nunes;Distrito Lara Aragão, 51, Nogueira, Espírito Santo;+55 51 7877 9669;kamillyda-rocha@example.net;4388,85
154;Kamilly Campos;Jardim Ana Lívia Dias, 11, Nunes de Goiás, Minas Gerais;84 4519 3289;carvalhojoao-vitor@example.com;11599,12
155;Thiago Ferreira;Viela Pinto, 606, da Rocha de Rocha, São Paulo;(051) 6855-4636;grezende@example.net;14060,16
156;Dr. Enzo da Rosa;Estação de Farias, 32, Ribeiro, Minas Gerais;61 0670-6727;lara89@example.org;13424,29
157;Renan Farias;Área de Gonçalves, 4, Barbosa Alegre, Espírito Santo;(071) 5321-2172;fsantos@example.org;11843,5
158;Agatha Costa;Núcleo Pietro Souza, 17, Alves, Espírito Santo;+55 (084) 9999-6572;rpereira@example.net;13675,14
159;Dra. Emilly Jesus;Rua de Pires, 632, Farias, Minas Gerais;81 3693 8583;gabrielada-cunha@example.com;14697,32
160;Alice Costela;Trecho Cavalcanti, 80, Pereira da Praia, Rio de Janeiro;0300 427 9611;lucas-gabriel92@example.net;8343,89
161;Ana Clara Souza;Ladeira Leandro da Cunha, 35, Cunha do Galho, Rio de Janeiro;(051) 5815-8853;thiago24@example.org;7292,05
162;Srta. Isadora Costa;Área de Castro, 798, Nunes, São Paulo;+55 21 8532-7495;nunesalexandre@example.com;5902,56
163;Gabriela Moreira;Vale de Dias, 2, Fernandes, São Paulo;0900 625 1413;da-rochadavi@example.net;5307,83
164;Luna Costa;Trevo Lucca Viana, 72, Freitas, Rio de Janeiro;0900-487-6728;emanuellamoraes@example.org;7974,59
165;Ana Carolina da Costa;Trecho Maria Julia Rodrigues, 304, Aragão, Minas Gerais;+55 84 9797 6574;luiz-gustavoda-paz@example.org;9219,37
166;Sra. Brenda Aragão;Parque de Campos, 47, Rodrigues do Norte, Rio de Janeiro;0900-386-3476;pietra92@example.org;5004,47
167;João Caldeira;Estrada de Moreira, 12, Araújo Grande, Minas Gerais;+55 81 8776-0736;elisacaldeira@example.com;4453,96
168;Kamilly Vieira;Alameda Cardoso, 1, Castro da Serra, São Paulo;(084) 6867 0717;aliciada-paz@example.net;14658,14
169;Theo Rocha;Trevo Davi Lucas Silveira, 41, Peixoto, Minas Gerais;+55 (031) 0734-0186;goncalvesmaria-eduarda@example.org;12389,47
170;Sr. Davi Lucas Araújo;Aeroporto Bárbara Costa, 4, Rodrigues, São Paulo;0500 580 1521;ogomes@example.net;10927,48
171;Miguel Cunha;Jardim Costa, Sales, Espírito Santo;(084) 3942 9064;lucca01@example.org;7043,79
172;Heitor Jesus;Condomínio Fernandes, 31, Oliveira da Serra, São Paulo;+55 (031) 4171-7759;vmonteiro@example.com;12364,73
173;João Gabriel Lopes;Trecho de Cardoso, Pinto do Sul, Minas Gerais;+55 (031) 4817 6083;benjaminsilveira@example.net;11794,06
174;Breno Barbosa;Lagoa Cavalcanti, da Rocha, Rio de Janeiro;+55 (081) 4500-3414;vitoriada-costa@example.org;12539,0
175;João Lucas da Costa;Quadra Viana, 4, Cardoso de Minas, Rio de Janeiro;0800 922 7480;da-cruzjoao-vitor@example.com;7222,16
176;Clarice Jesus;Fazenda Davi Castro, 98, Monteiro da Mata, Rio de Janeiro;(011) 8575 7786;pietro10@example.com;6309,38
177;Emanuelly Gomes;Setor Gonçalves, Alves, São Paulo;61 9280 5558;lucas-gabriel45@example.net;12116,97
178;Sofia Costa;Travessa de Rezende, 8, Pereira, Rio de Janeiro;+55 (071) 1625 6110;sazevedo@example.net;8101,83
179;Emanuelly Novaes;Pátio de Fernandes, Rezende do Sul, Rio de Janeiro;+55 (071) 7262 8761;araujoana-laura@example.com;14071,59
180;Renan Silveira;Viaduto Isabelly Carvalho, 798, Duarte Verde, Espírito Santo;+55 (031) 4848-1887;barbara09@example.org;7405,6
181;Sabrina Gomes;Núcleo Cardoso, 68, Pinto dos Dourados, Rio de Janeiro;+55 (071) 9817 2600;qjesus@example.com;14323,22
182;Theo Novaes;Sítio de Barros, 2, Mendes Alegre, São Paulo;(051) 4458 4740;luiz-gustavo99@example.net;12462,59
183;Bernardo da Mata;Recanto de Aragão, 624, Carvalho, Minas Gerais;+55 (031) 2555-0501;milenaporto@example.com;9333,66
184;Laura da Rosa;Área de Fogaça, 5, da Rosa, Espírito Santo;+55 (071) 8289-4144;gcarvalho@example.net;11822,25
185;Dra. Raquel Ribeiro;Avenida Pires, 78, Oliveira do Campo, Rio de Janeiro;+55 (071) 1898 6555;jsilva@example.com;11761,19
186;Matheus Melo;Fazenda Laís Oliveira, 98, Santos, Minas Gerais;(051) 8491 8272;ana-liviacunha@example.net;6044,46
187;Dr. Igor Mendes;Feira de Caldeira, 85, Fernandes Alegre, São Paulo;71 8000 0684;ccaldeira@example.com;4052,34
188;Nathan Cavalcanti;Travessa Ana Sophia Rodrigues, 12, Pinto, Rio de Janeiro;0300-868-5185;isabelly95@example.org;11738,48
189;Gabriela Cavalcanti;Chácara Aragão, 78, Carvalho, Rio de Janeiro;(051) 2387-1817;gpires@example.org;12486,49
190;Sofia Lima;Feira Pedro Miguel Monteiro, 31, Ferreira, São Paulo;0500-638-2827;zsantos@example.com;14086,41
191;Theo Moraes;Campo de da Mata, 85, Rezende, Espírito Santo;+55 84 6907 1270;duartejuan@example.com;6581,78
192;Sr. Isaac Costa;Área de Martins, 564, Moraes das Flores, São Paulo;61 9228-7402;gsilva@example.com;11748,09
193;Dr. Diogo Moreira;Rua Nicole Ramos, 4, Gonçalves, Minas Gerais;+55 11 0747 4751;mmoraes@example.org;11256,16
194;Henrique Jesus;Loteamento de Cardoso, Costela, São Paulo;(011) 0526-3074;fariaslais@example.org;14605,76
195;Sr. Murilo Dias;Estrada Rodrigues, 64, Correia do Oeste, Rio de Janeiro;0900 624 7291;benicio98@example.net;11928,1
196;Nicole da Luz;Lago Alves, 86, da Paz, Rio de Janeiro;84 8130-1176;kgoncalves@example.org;5387,17
197;Beatriz Sales;Recanto João Vitor Dias, Lopes Alegre, Minas Gerais;41 0146 5723;luana50@example.net;13384,68
198;João Guilherme Aragão;Via Letícia Campos, 468, Nogueira, São Paulo;+55 81 7893-4284;daniloda-paz@example.org;8806,17
199;Bárbara Silveira;Conjunto Cauã Fernandes, 95, Silva, Minas Gerais;81 4303-4146;kmendes@example.net;4976,11
200;João Lucas Viana;Lagoa Lopes, Barbosa Paulista, Espírito Santo;11 7581-6502;wda-conceicao@example.com;4785,59
201;Ana Vitória Porto;Praia Juan Silveira, 21, Porto, Espírito Santo;81 7732 4907;rda-costa@example.net;13287,05
202;Alana Correia;Trecho Kamilly Barbosa, 2, Santos Grande, São Paulo;+55 31 0739 9836;da-cunharafaela@example.com;10080,48
203;Vitor Hugo Moreira;Rua de Martins, 90, Fernandes, Espírito Santo;(071) 6842 8163;zpeixoto@example.net;14946,25
204;Vitor da Rosa;Colônia Ramos, 4, Almeida Paulista, São Paulo;+55 (041) 6828-7288;nda-paz@example.com;14746,07
205;Dra. Maysa da Rocha;Residencial de Almeida, 781, Barros, Espírito Santo;41 5174-3178;qjesus@example.net;9159,59
206;Elisa Peixoto;Área Ana Júlia Alves, 82, da Costa, Minas Gerais;(031) 8113 6971;beatriz25@example.com;6063,37
207;André Ribeiro;Pátio Caio Moura, 676, Porto, Rio de Janeiro;+55 41 9871 1700;castromariana@example.org;14049,78
208;Srta. Isadora Peixoto;Lago Guilherme Ribeiro, 8, Araújo de Minas, Minas Gerais;+55 (081) 1460-6010;da-conceicaoluana@example.net;8705,0
209;Dra. Sophia da Luz;Loteamento de Martins, Ribeiro de Sales, São Paulo;+55 (084) 6962-3826;brenocampos@example.net;12265,99
210;Ana Lívia Souza;Favela Daniela Viana, 753, Lopes de Duarte, Rio de Janeiro;71 4592-1721;tmoura@example.com;4479,46
211;Benjamin Jesus;Rua Davi Lucas Rezende, Silveira do Norte, São Paulo;(041) 8307-1202;rafaela94@example.org;10536,06
212;Dra. Maria Alice Fogaça;Distrito Rodrigues, 21, Barros, Minas Gerais;(051) 6968 6950;nascimentorodrigo@example.org;5086,76
213;Luiz Otávio Novaes;Condomínio de Gomes, 424, Dias do Oeste, Rio de Janeiro;(021) 7224-2538;stellagoncalves@example.com;7792,52
214;Pietro Novaes;Lago de da Costa, 81, Sales, Rio de Janeiro;+55 84 2147-6046;oporto@example.com;12943,34
215;Ana Lívia Novaes;Largo de Porto, 43, Lima, Espírito Santo;(071) 0436-0646;bernardomoura@example.org;10385,72
216;Sra. Fernanda Silva;Viela Rezende, 33, Campos, Rio de Janeiro;+55 81 4775 9834;gabriela85@example.org;9443,67
217;Srta. Isabella Monteiro;Vila Alexandre Rocha, 191, Moura, Rio de Janeiro;(041) 5723 9754;isabellyvieira@example.org;7699,41
218;Sophie Cardoso;Praia Martins, 526, Martins das Flores, Minas Gerais;+55 (051) 9177 4023;isis46@example.com;14429,28
219;Caio Pereira;Praça de Souza, 48, da Cruz, São Paulo;(011) 8323-9260;goncalvesjulia@example.com;10780,64
220;Ana Sophia Ramos;Núcleo Rocha, 93, Duarte de Mendes, Rio de Janeiro;(084) 5977-5390;fernandopires@example.org;7934,69
221;Vitor Gabriel Almeida;Pátio de Nascimento, 9, Cardoso dos Dourados, Minas Gerais;+55 (021) 9494-2396;gustavo-henrique28@example.org;11084,38
222;Pietra Ribeiro;Rodovia Mirella Peixoto, 83, Rocha, Minas Gerais;51 0097 4917;evelyncavalcanti@example.net;14289,41
223;Ana Julia Duarte;Rodovia Ryan da Rosa, 59, Peixoto Alegre, Minas Gerais;+55 84 8619 1828;pedroda-luz@example.net;13989,29
224;Ana Carolina Porto;Setor Novaes, 450, Farias, Rio de Janeiro;(084) 8014 9875;silveiraana-beatriz@example.org;5633,3
225;Benjamin Barbosa;Pátio Vitória Correia, 9, Aragão, São Paulo;+55 (071) 8622 9335;silveiramaria-cecilia@example.org;7695,11
226;Mariana Aragão;Favela Santos, 243, Aragão do Amparo, São Paulo;+55 71 9824 5252;correiaclara@example.net;10292,26
227;Maria Almeida;Largo Carlos Eduardo Oliveira, 472, Pinto, São Paulo;84 3908-0816;alexandre21@example.net;7012,96
228;Maria Julia Silveira;Residencial Stella Silveira, 270, Fernandes do Oeste, Espírito Santo;(031) 7914 6784;thales42@example.org;10773,81
229;Lorena Santos;Núcleo Moraes, 31, Cardoso, Espírito Santo;+55 21 2614 0446;silvajoao-vitor@example.com;9711,76
230;Noah da Cunha;Pátio Luana Nogueira, 52, Lima, Minas Gerais;11 2000-4837;ymonteiro@example.org;7720,59
231;Isis Pereira;Trecho de Nascimento, 57, Jesus Grande, São Paulo;+55 81 6550-2989;sophia04@example.org;7275,59
232;Francisco Farias;Esplanada de Farias, 27, da Cunha, Minas Gerais;21 3412-5720;thalesda-mata@example.net;12403,91
233;Cauê da Rocha;Quadra de Carvalho, 38, Ribeiro, Rio de Janeiro;(041) 7804-9011;pedro23@example.com;10234,33
234;Paulo Pinto;Recanto Vitória Lima, 26, Oliveira, Espírito Santo;81 3512 4530;icosta@example.org;9320,85
235;Alice da Luz;Rua Isabella Rocha, 4, Moreira, Rio de Janeiro;61 8100 6235;larissaaraujo@example.org;6608,91
236;Srta. Natália da Cunha;Via de Jesus, Jesus de Cavalcanti, Rio de Janeiro;0300-175-6208;sophiefreitas@example.com;9261,71
237;Sra. Alice Ribeiro;Largo Jesus, 37, Pereira, São Paulo;(011) 7189 8168;moraeslarissa@example.com;6053,08
238;Yago da Paz;Loteamento Farias, 31, Melo das Pedras, Minas Gerais;+55 (061) 0115-1135;luiz-miguel47@example.net;14324,82
239;Ana Vitória Nogueira;Conjunto de Moreira, 443, Castro, São Paulo;51 8410 5841;brunamoura@example.com;9550,28
240;Maria Fernanda Viana;Chácara Nathan Silva, 60, Pires da Praia, Minas Gerais;+55 (051) 2996-2482;jnascimento@example.com;8030,78
241;Maria Sophia Rodrigues;Sítio Clarice das Neves, 5, Moraes do Campo, Rio de Janeiro;(041) 0005-0681;luiz-otaviocaldeira@example.org;11159,43
242;Daniela Sales;Ladeira Nunes, 56, Ferreira do Oeste, Minas Gerais;+55 (021) 6858 5117;da-motaenrico@example.org;14838,36
243;Sabrina Moraes;Avenida Davi Correia, 393, Campos de Rocha, Rio de Janeiro;(084) 6377-2305;maria-clara29@example.org;9678,93
244;Diego Almeida;Passarela Vieira, 4, Monteiro, Rio de Janeiro;11 2094-7977;glopes@example.com;7593,87
245;Elisa Vieira;Campo Yasmin Cardoso, 6, da Rocha de da Mota, Rio de Janeiro;(081) 7450-6685;hporto@example.net;9930,48
246;Maria Melo;Recanto de Barbosa, 2, Fernandes Paulista, Espírito Santo;+55 84 8173 3535;milena10@example.com;10775,85
247;Nicolas Pereira;Trevo Pereira, 39, da Luz do Sul, Espírito Santo;+55 31 4815-0163;fariasaugusto@example.net;12340,08
248;Dr. Erick Campos;Estação de Barbosa, 62, Araújo do Amparo, São Paulo;+55 (081) 0472 3494;da-cunhamelissa@example.net;4636,51
249;Mariane Costela;Viaduto de Melo, 16, Aragão, Minas Gerais;+55 71 4840 6802;souzavitoria@example.org;7098,65
250;João Pedro Moura;Vale de da Conceição, 747, da Rocha Paulista, São Paulo;11 2204-2901;cunhasarah@example.org;4354,79
251;Maitê Mendes;Núcleo Lopes, 38, Martins, São Paulo;+55 (031) 1502-9830;emilly78@example.org;10130,25
252;Srta. Luiza Pinto;Avenida Luiz Otávio Azevedo, 36, Mendes, Minas Gerais;(081) 9931 7553;leonardodias@example.org;6645,66
253;Clarice Novaes;Feira de Gomes, 8, Cardoso, Espírito Santo;(071) 5935 9695;maria-sophia43@example.org;10864,46
254;Maria Sophia Melo;Vila de Castro, 92, Duarte de Fernandes, Espírito Santo;(061) 1603-9835;jcosta@example.net;8928,56
255;Maitê Araújo;Setor Gustavo Freitas, 877, Sales de Vieira, Espírito Santo;(061) 0680-7472;jramos@example.net;12145,94
256;Ana Oliveira;Aeroporto de da Cruz, 8, Santos, Rio de Janeiro;0500-933-1693;novaescalebe@example.com;12988,44
257;Ian Vieira;Praça de Costa, 66, Rocha, Rio de Janeiro;21 3546-6767;ian64@example.net;5792,29
258;Dr. Benício Nogueira;Ladeira de Viana, 46, Santos de Campos, Espírito Santo;0800-136-5711;enzo52@example.org;6605,17
259;Pedro Henrique Jesus;Favela Gomes, 321, Vieira de da Cunha, São Paulo;(011) 6191-6756;ana-claralima@example.com;6217,43
260;Larissa Cardoso;Aeroporto de Costa, 5, Oliveira, Rio de Janeiro;0900-436-2894;nathan91@example.net;5729,66
261;Thomas Ramos;Lago Nathan Souza, Silveira de Duarte, Rio de Janeiro;71 1106-9675;jazevedo@example.net;13765,08
262;Stella Cardoso;Lago de Nunes, Teixeira dos Dourados, Rio de Janeiro;0800 919 5879;da-cruzagatha@example.net;4515,16
263;Manuela Farias;Vale Fernandes, 9, Azevedo, São Paulo;(084) 8134-4866;gustavo-henrique61@example.com;11551,26
264;Emilly Moraes;Estação de Duarte, 389, Oliveira, Rio de Janeiro;(031) 6426 5465;da-rochamilena@example.com;10400,79
265;Isadora da Rocha;Rodovia Barros, Viana do Galho, São Paulo;41 4839 3741;eda-costa@example.net;4804,27
266;Lara da Mata;Ladeira Alícia da Mata, 377, Souza do Galho, Espírito Santo;+55 11 7407 2977;gustavo-henrique50@example.org;8331,87
267;Cauê da Mota;Núcleo Laís Fernandes, 28, Caldeira, São Paulo;(051) 6260 0580;emanuellyda-paz@example.net;8796,48
268;Alícia da Mata;Travessa Pereira, 881, Monteiro, Rio de Janeiro;(031) 1739 4655;da-rochabryan@example.net;11669,29
269;Isabella Caldeira;Setor Rezende, 94, Viana, Minas Gerais;71 7977 8695;vitoroliveira@example.org;12557,52
270;Larissa Silveira;Vila Gonçalves, 2, Novaes, São Paulo;(084) 6999 3007;ccampos@example.com;13656,71
271;Stella Costela;Viaduto Araújo, 76, Cunha do Sul, Rio de Janeiro;51 5861 4427;hfarias@example.org;4159,86
272;Lavínia da Cunha;Feira Barros, 15, Araújo do Oeste, Rio de Janeiro;(081) 4908-7118;maria-ceciliacardoso@example.com;11080,46
273;Francisco das Neves;Morro Costa, 749, Gonçalves Alegre, Minas Gerais;(051) 6368 1074;vitor-hugo87@example.org;14907,04
274;Vitor Hugo Sales;Viela de da Cunha, 26, Rocha, Rio de Janeiro;+55 (041) 4241 4232;maria-sophiacunha@example.net;7602,65
275;Alícia Correia;Chácara Caldeira, 48, Nascimento, Rio de Janeiro;+55 41 7826-9344;luna25@example.net;5139,58
276;Renan Alves;Condomínio de Costela, 83, Vieira das Flores, Espírito Santo;(084) 7649 4543;fporto@example.com;10575,21
277;Sofia Novaes;Praia de da Mota, 91, Oliveira da Prata, Minas Gerais;+55 (084) 1102 9947;arthurda-rosa@example.org;6443,84
278;Marcos Vinicius Caldeira;Jardim de Lopes, 859, da Cruz, Espírito Santo;+55 (041) 5682-9908;bda-luz@example.com;6112,0
279;Ana Luiza Pereira;Praia de Barbosa, 13, Santos, São Paulo;+55 21 1097-6427;cavalcantimarcos-vinicius@example.org;6543,02
280;Bryan da Costa;Viaduto de Sales, 555, Gomes, Minas Gerais;(084) 7652 1949;gferreira@example.net;5861,24
281;Heitor Aragão;Quadra de da Paz, 119, Novaes do Galho, Espírito Santo;+55 81 3916 5183;rbarbosa@example.org;8699,27
282;Davi Lucas Caldeira;Lago Pires, 8, da Rosa de Campos, Minas Gerais;21 8491-5206;sophie55@example.org;10401,17
283;Heitor Freitas;Vila Eduardo Correia, 426, Castro, Espírito Santo;+55 (051) 2249 2354;hpinto@example.net;10486,15
284;Eloah Azevedo;Quadra de Melo, 62, Oliveira, Minas Gerais;+55 (084) 8881 0244;luiz-henriqueda-mota@example.org;8323,0
285;Calebe Moraes;Vereda de Caldeira, 11, Rodrigues, São Paulo;61 3623-9982;ramospaulo@example.com;12527,81
286;Sr. Kevin Rezende;Quadra de da Cruz, 46, Sales de Rocha, São Paulo;(084) 8660-0940;joaquimcavalcanti@example.com;4065,15
287;Erick Silva;Trevo de Sales, Rocha das Flores, Minas Gerais;+55 11 6724-3319;znovaes@example.net;10510,78
288;Vitor Gabriel Correia;Chácara de Melo, 69, Jesus do Norte, Rio de Janeiro;+55 11 1887-8476;mariapereira@example.com;9917,62
289;Renan Fogaça;Pátio Gomes, Campos da Praia, São Paulo;+55 (061) 4519-3408;costelaenzo-gabriel@example.com;12901,53
290;Srta. Alana Santos;Praça de Aragão, 9, Freitas de Minas, Minas Gerais;(084) 0902 6410;iaraujo@example.com;6254,36
291;Dra. Daniela Moura;Praça Pietra Jesus, 18, Aragão da Praia, Rio de Janeiro;21 2182-0258;rochamaria-fernanda@example.net;10511,92
292;Ana Laura Gonçalves;Via de Teixeira, Vieira, Rio de Janeiro;+55 (031) 2191-4860;maria-fernanda18@example.org;10533,88
293;Bernardo Pereira;Favela de Dias, 35, Ferreira Grande, Espírito Santo;+55 41 8948 7530;lopesclarice@example.com;10281,09
294;Luiz Felipe Almeida;Loteamento de Santos, 841, Souza, Minas Gerais;+55 84 1296 4120;da-cunharyan@example.net;9184,41
295;Vicente Oliveira;Morro da Costa, 51, Lima do Amparo, São Paulo;+55 71 5765-3664;rda-luz@example.com;10019,4
296;Vicente da Rosa;Viaduto Jesus, 9, Aragão, São Paulo;(051) 4994-9715;maria-vitoria41@example.net;14948,88
297;Dr. Igor Santos;Favela de Moura, Alves, São Paulo;(071) 6318-6131;ysales@example.com;7857,25
298;Vicente Silveira;Rua Antônio Ramos, 810, da Luz, Rio de Janeiro;11 6755-7024;marcelo90@example.org;4030,32
299;Maria Julia Rodrigues;Quadra Carolina Cardoso, 98, Vieira, São Paulo;(041) 7571 0552;salves@example.org;13351,23
300;Ana Sophia Freitas;Largo de Carvalho, 42, Gonçalves, Rio de Janeiro;+55 61 2757-6763;luanacarvalho@example.com;7531,9
301;Lorenzo da Conceição;Lagoa Santos, 46, da Rosa do Campo, Espírito Santo;51 9483 4015;jda-costa@example.org;12807,78
302;Lorena Moura;Largo de Barros, 68, Ferreira, Rio de Janeiro;+55 84 9216 0403;zfreitas@example.net;11713,25
303;Eduarda Rocha;Viela de Duarte, 9, Caldeira Paulista, Minas Gerais;+55 (041) 8725 2627;stella79@example.com;14262,26
304;Alice Rezende;Praia Cauê Azevedo, 34, Araújo de Minas, Espírito Santo;(051) 7389 6388;peixotogabriel@example.net;12863,09
305;Sra. Ana Costela;Lago Costela, Costela, São Paulo;51 9119 0036;paulo16@example.org;10379,45
306;Ana Clara Pereira;Praia de Barbosa, 16, Silveira de Goiás, Rio de Janeiro;11 7699-9831;xmoura@example.com;7998,94
307;Gabriel Dias;Núcleo de Nunes, Aragão, São Paulo;+55 (071) 0907 5297;ngoncalves@example.net;7143,17
308;Nathan da Mota;Trevo Ana Beatriz da Rosa, 89, Alves, Espírito Santo;51 0427 0518;gabriel70@example.com;7849,96
309;Yuri Mendes;Lagoa Lorena da Cruz, Porto Paulista, Espírito Santo;(011) 8514 8962;gabriel26@example.net;12742,47
310;Maria Sophia Vieira;Estação Cauã da Costa, 688, Campos do Amparo, Espírito Santo;31 4980 2797;eloah29@example.com;8356,34
311;Marcelo Cunha;Largo Maysa Ferreira, 22, Viana, Espírito Santo;+55 81 3016-3217;bpires@example.net;12856,46
312;Pedro Lucas Ferreira;Alameda de Pires, Rezende, Minas Gerais;+55 41 0955-4077;luiza74@example.org;7892,14
313;Dra. Mariana Nascimento;Conjunto Luna Campos, 18, Almeida da Mata, Espírito Santo;+55 (071) 8822 3215;rsouza@example.org;6094,5
314;Alexandre Alves;Colônia de Nunes, 3, Ferreira Grande, Rio de Janeiro;81 3935-4447;almeidajoao-miguel@example.com;9123,3
315;Maria Eduarda Souza;Vila Monteiro, 55, Ramos, Rio de Janeiro;+55 21 3144 2137;maria-sophiada-rocha@example.org;7166,57
316;Arthur Gomes;Rua da Rocha, 70, Campos, Minas Gerais;71 9374 0107;xda-costa@example.net;12515,63
317;Eduarda Costa;Estação Kevin Moura, Almeida, Rio de Janeiro;(041) 8307 4317;luiz-miguel04@example.net;8913,62
318;Otávio Santos;Campo Rafael das Neves, Mendes de da Mata, Espírito Santo;(041) 2894-9737;wcardoso@example.org;9782,2
319;Bernardo Martins;Viaduto de Peixoto, 717, Oliveira, Espírito Santo;+55 71 6145 5905;fernandesdavi@example.com;5758,8
320;Gustavo Henrique Cardoso;Fazenda Novaes, 12, da Paz da Mata, Minas Gerais;31 3509-6703;kpires@example.net;13094,29
321;Yago Pereira;Distrito de Ribeiro, 81, Barros da Praia, São Paulo;(041) 2658-0192;vjesus@example.org;7678,89
322;Gabrielly Lopes;Largo de Gonçalves, 6, da Costa da Praia, São Paulo;0900 359 7309;oliviada-rocha@example.org;14046,42
323;Giovanna Dias;Lago da Luz, 46, Rocha de Minas, Rio de Janeiro;+55 81 4052 6979;xgoncalves@example.org;11548,49
324;Srta. Alexia Azevedo;Estrada Pinto, 35, Pires da Praia, Espírito Santo;+55 (084) 1856-1217;zsouza@example.org;8018,87
325;Davi Cavalcanti;Trecho Ribeiro, 50, da Cunha Grande, Minas Gerais;(061) 0717-9488;ejesus@example.org;13657,02
326;Júlia Novaes;Área Elisa Correia, 19, Lima do Sul, São Paulo;31 7502-4024;juliacardoso@example.net;9594,04
327;Paulo Ferreira;Distrito Peixoto, 15, Azevedo do Campo, Espírito Santo;0800 884 0584;ramoscalebe@example.org;9695,36
328;Rodrigo Caldeira;Vereda Sales, 300, Oliveira da Serra, Rio de Janeiro;(031) 4780 9719;henrique08@example.net;14396,99
329;Henrique da Costa;Rua Vitor Barbosa, 103, Oliveira da Serra, Minas Gerais;+55 31 8712-6440;souzaheloisa@example.com;7853,7
330;Diego da Cunha;Via Larissa Ramos, 15, Pinto, Rio de Janeiro;11 9661-7318;da-conceicaogabriela@example.net;11491,55
331;Anthony Carvalho;Parque Joaquim da Rosa, 51, Cunha, Rio de Janeiro;+55 (071) 6106-5064;santosmelissa@example.net;10534,86
332;Ana Moraes;Aeroporto de Lopes, 13, Santos Grande, Minas Gerais;+55 (081) 1547 7847;stephanyporto@example.com;9400,96
333;Alana Moraes;Jardim da Costa, 82, Costa, São Paulo;61 2284 2738;luiz-miguel91@example.org;8925,87
334;Luiza Lima;Sítio João Gabriel Gonçalves, 36, Vieira, Minas Gerais;51 7686 5422;vrezende@example.org;8119,01
335;Evelyn da Rosa;Pátio de Souza, 30, Silva do Norte, Rio de Janeiro;+55 41 6189-5325;joao-miguelmoraes@example.net;14383,04
336;Ian Pires;Fazenda de Rezende, Gonçalves, São Paulo;+55 61 1480-9419;kevincarvalho@example.org;14979,49
337;Lucca da Conceição;Viaduto de da Conceição, 76, Lima da Prata, Espírito Santo;+55 (084) 2788-3431;gramos@example.net;6957,66
338;Renan Lopes;Vereda Ian Monteiro, Santos de Minas, Espírito Santo;(011) 6593 2529;davi-lucca33@example.org;13706,62
339;Julia Barbosa;Pátio de Martins, 29, da Paz da Serra, Rio de Janeiro;+55 (061) 6424 9541;henriqueazevedo@example.net;6328,32
340;Luiz Gustavo Dias;Morro Moraes, 189, Alves, Espírito Santo;0500 096 4893;ana-claramoraes@example.com;9004,61
341;Manuela Moreira;Quadra Duarte, 7, Rocha, São Paulo;+55 41 1177-3608;helenamoura@example.org;13858,87
342;Benício Silveira;Área João Gabriel Alves, Almeida, Espírito Santo;+55 (041) 8947-3299;jpinto@example.org;5512,21
343;Augusto Ramos;Largo de da Paz, 34, Ramos, Espírito Santo;81 6476 6959;salescaroline@example.net;7871,01
344;Bruno Barros;Morro de Pinto, 58, Aragão de Araújo, Rio de Janeiro;+55 (061) 6635 6937;luiza16@example.net;6927,03
345;Alexandre Silveira;Estrada Júlia Rodrigues, 72, da Mota da Prata, São Paulo;(084) 8079-8387;lorenzosantos@example.org;6792,87
346;João Miguel Rodrigues;Estação de Cardoso, 326, Lopes das Flores, Rio de Janeiro;(071) 7656 5880;joao-guilherme61@example.com;4399,35
347;Nina Novaes;Passarela de da Cunha, Rezende, Minas Gerais;0300-815-7846;henrique31@example.com;11641,73
348;Clara da Paz;Vila Correia, Santos da Praia, Minas Gerais;(021) 3482-5409;lucas30@example.net;4951,35
349;Vitor Gabriel Cavalcanti;Aeroporto de Carvalho, 89, Azevedo, Minas Gerais;71 9979-6954;aragaoyago@example.com;10053,47
350;Alice da Luz;Vila Duarte, 76, Jesus, Minas Gerais;+55 61 4766 2798;raulpires@example.org;8962,78
351;Pedro Miguel Castro;Esplanada Martins, 36, Jesus, Minas Gerais;+55 (071) 7213 6537;almeidaisaac@example.net;6264,37
352;Caroline Carvalho;Aeroporto de Campos, 60, Silveira, São Paulo;+55 11 9712-4785;joaquim97@example.net;14423,59
353;Ana Carolina Porto;Travessa Brenda Fernandes, 94, Caldeira Verde, Minas Gerais;+55 (081) 2595-5234;ferreiranathan@example.com;12723,73
354;Srta. Ana Luiza Ramos;Distrito de Cardoso, 143, Nogueira, Espírito Santo;+55 (031) 7855 9164;marcelopereira@example.net;14650,99
355;Arthur Moura;Vila Moura, 918, Lima Alegre, Espírito Santo;(081) 3076 5798;henrique99@example.com;13360,55
356;Giovanna da Rocha;Rua Ana Sophia Cardoso, 2, Araújo, Espírito Santo;(081) 4607-9451;clara75@example.net;9901,89
357;Noah Sales;Área Carlos Eduardo das Neves, 28, Viana Grande, São Paulo;+55 (084) 0630-2644;manuelada-paz@example.net;9027,13
358;Maysa Correia;Núcleo de da Rocha, da Paz Grande, Rio de Janeiro;(071) 7018-7181;novaesdavi-lucas@example.org;4174,67
359;João Pedro das Neves;Aeroporto Cardoso, 793, Porto, Rio de Janeiro;+55 84 5555 2176;ecavalcanti@example.net;13309,01
360;Lorena Alves;Setor Porto, Teixeira, Minas Gerais;41 9663-5537;wbarros@example.com;4037,97
361;Sra. Nina Pires;Chácara de Pinto, 707, Teixeira de Viana, Rio de Janeiro;+55 84 9125-1894;luizamartins@example.org;11745,03
362;Vitor Farias;Lagoa de Cunha, 92, Ferreira de Minas, São Paulo;+55 (061) 4080 8217;anovaes@example.net;8763,46
363;Diego da Rocha;Trecho de Souza, 44, Pinto de Goiás, Rio de Janeiro;51 9391 9588;eloaharaujo@example.com;12679,97
364;Daniel Silva;Lagoa Farias, 96, Vieira, Espírito Santo;+55 11 6799 9180;lucasalmeida@example.com;12263,36
365;Ana Julia da Rocha;Fazenda da Mata, 9, Martins, Espírito Santo;84 8655-6019;pietroferreira@example.org;6735,03
366;Maria Fernanda Duarte;Praia Novaes, 693, Campos, Rio de Janeiro;84 3977-4102;mirella03@example.net;11561,1
367;Alícia Cunha;Vila Isis Pinto, 7, Oliveira, São Paulo;81 1809-1204;gustavoda-luz@example.com;11807,66
368;João Guilherme Oliveira;Rua Novaes, 696, Silva, Minas Gerais;21 6949 3146;da-cunhaenzo-gabriel@example.net;6857,97
369;Leonardo Freitas;Sítio Stella da Cunha, 52, Oliveira da Mata, São Paulo;(031) 9867 9392;kmendes@example.org;6570,31
370;Srta. Isis Souza;Avenida Júlia Pinto, 20, Porto do Norte, Minas Gerais;71 4283 7078;ylima@example.org;5181,39
371;Vicente da Conceição;Trecho da Mata, 25, Rezende, Rio de Janeiro;(084) 7171-8086;cauejesus@example.net;14847,32
372;Danilo Peixoto;Vila Lucca Carvalho, 2, Barros, Espírito Santo;(071) 6552 3530;pedro-miguel75@example.org;8799,59
373;Sra. Camila Farias;Parque de Rezende, 3, Martins, São Paulo;+55 21 0533-7647;ssantos@example.org;11826,47
374;Daniela da Costa;Chácara de Nogueira, Carvalho do Galho, Minas Gerais;(071) 2080-8998;diogo47@example.org;7068,77
375;Sr. Leonardo Araújo;Setor Julia da Cruz, 90, Dias das Pedras, São Paulo;0800-766-5221;alanacampos@example.org;4929,58
376;Ana Lívia Dias;Viaduto Kaique da Mota, 62, Rodrigues do Amparo, Rio de Janeiro;+55 (051) 3337-7342;cardosovitoria@example.org;9993,01
377;Helena Lima;Vila da Cruz, 1, Jesus, Espírito Santo;(071) 6108 0961;elisa42@example.net;10622,82
378;Maria Vitória Caldeira;Estação Isabella Rezende, 29, Martins de Goiás, Rio de Janeiro;11 0729 5455;isabella89@example.org;14839,0
379;Enzo Gabriel da Rosa;Avenida Fogaça, 536, Pires Paulista, São Paulo;+55 (041) 5753 7906;da-rochalarissa@example.net;12783,1
380;Felipe Ferreira;Favela de Moraes, 7, Pereira, Minas Gerais;0800 598 2654;mgoncalves@example.org;7770,79
381;Juan Novaes;Núcleo de Correia, 52, Cunha, São Paulo;41 8575-1032;heitoralves@example.net;12284,19
382;Nicolas Oliveira;Parque Danilo Alves, 42, Freitas, Espírito Santo;+55 (031) 6857-6578;benjaminpeixoto@example.org;10918,19
383;Nicolas Viana;Trecho Aragão, 36, Pires do Galho, São Paulo;(061) 1240 3814;luiz-miguelnogueira@example.com;12287,65
384;Ana Carolina Barros;Praça Maria Alice Costela, 31, Silva Verde, Espírito Santo;(021) 3012 7200;dlopes@example.com;14617,65
385;Stephany Nascimento;Campo de da Rocha, 93, da Paz, Espírito Santo;31 1083-5175;vpires@example.net;8790,73
386;Felipe Sales;Trevo Rebeca Sales, 63, Moura, São Paulo;(061) 3598 9264;nrocha@example.com;11805,65
387;Alice Correia;Núcleo de da Cruz, 2, da Cunha das Pedras, Rio de Janeiro;+55 21 3418-6822;brunobarros@example.com;14394,33
388;Letícia Teixeira;Fazenda de Nogueira, 74, Nascimento, Minas Gerais;84 8649 2101;barbosaenrico@example.com;9316,68
389;Sr. Breno Costa;Via de Moraes, 2, Cunha, Minas Gerais;41 1939 4573;da-mataana-laura@example.net;10087,88
390;Júlia Cardoso;Viela das Neves, 57, da Mata da Prata, Espírito Santo;+55 71 6873-8506;sabrinacampos@example.org;14841,35
391;Lorenzo Gonçalves;Aeroporto Melo, 23, Barbosa, Rio de Janeiro;61 9724 5172;antonioda-cruz@example.net;10429,54
392;Ana Beatriz da Mota;Chácara Sofia da Mota, 9, Barbosa das Pedras, Espírito Santo;+55 (061) 3468 1627;alexiajesus@example.org;6184,64
393;Thiago Cardoso;Distrito Pereira, 650, Carvalho, Rio de Janeiro;+55 21 2505-3036;santoscaue@example.com;6286,35
394;Dra. Amanda Azevedo;Jardim Costa, 63, Gomes, Minas Gerais;(051) 6975 1010;goncalvesgabriel@example.net;4537,8
395;Benício Cardoso;Pátio Stella Moura, 968, Santos do Amparo, Espírito Santo;(011) 3994-9670;carolinaviana@example.com;8894,06
396;Maria Julia das Neves;Largo de da Mota, 12, Farias das Flores, Rio de Janeiro;+55 11 7697-1665;isaac02@example.com;11450,46
397;Guilherme Nunes;Rua de Gonçalves, 5, Pereira da Praia, Rio de Janeiro;(061) 1973-8750;luiz-felipeporto@example.net;12319,65
398;Heitor Peixoto;Vereda Luiz Felipe Correia, da Cruz de Melo, Espírito Santo;+55 (084) 8642-0995;onovaes@example.net;12264,15
399;Dr. Ian da Costa;Lago da Cruz, 15, Oliveira, Espírito Santo;(011) 1550 4530;fernandesemanuel@example.com;13933,37
400;Pedro Lucas da Cunha;Núcleo de Nunes, 49, Costela, Rio de Janeiro;+55 81 8248 7721;monteironatalia@example.net;6283,12
401;Thomas da Luz;Via Marina Lopes, 21, Viana da Prata, Minas Gerais;+55 (071) 1575 6393;cda-mota@example.net;6004,91
402;Davi Luiz Dias;Pátio Ferreira, 53, Jesus, Espírito Santo;+55 (031) 8978 7895;cazevedo@example.net;4161,02
403;Fernando Jesus;Largo Vieira, 57, da Rocha dos Dourados, Rio de Janeiro;0800 463 8507;jvieira@example.com;7906,02
404;Thales Silva;Loteamento de Duarte, 403, da Cruz, Rio de Janeiro;+55 (061) 1157 8893;barbosabreno@example.org;5302,66
405;Sr. Leandro Ramos;Distrito de da Cruz, 3, da Paz do Campo, Minas Gerais;0800-171-6663;wsantos@example.net;14928,12
406;Vicente Rezende;Estação de Vieira, 845, Sales, Minas Gerais;+55 (061) 4203 3706;luiz-otavio04@example.com;8171,05
407;Dra. Maria Alice Cunha;Feira Jesus, 63, da Luz, Minas Gerais;61 0463-1255;falves@example.net;6222,35
408;Rebeca Araújo;Via Vinicius Silva, Costa Alegre, Minas Gerais;0300-105-9366;amandaribeiro@example.net;7223,88
409;Luiza Correia;Trevo Isadora da Costa, 54, Cunha, Espírito Santo;+55 (081) 9641-4922;kpires@example.org;11488,07
410;João Vitor Castro;Viaduto de Cardoso, Moura de Minas, São Paulo;+55 61 5387-3971;diegoaraujo@example.org;10104,02
411;Dr. Henrique Ribeiro;Campo Sofia Viana, 34, da Cruz, São Paulo;0500-271-5280;livia51@example.org;10727,59
412;Igor Silveira;Avenida Moreira, 22, Rocha do Norte, Rio de Janeiro;11 5650-5711;azevedogabriela@example.org;5027,8
413;Raul Santos;Residencial Sabrina Rezende, 68, Moreira de Ramos, Minas Gerais;+55 61 1673 1925;zlopes@example.com;8642,53
414;Carlos Eduardo Caldeira;Loteamento de Jesus, 34, Souza, Rio de Janeiro;0800-158-6592;samuel05@example.org;12136,5
415;Paulo da Conceição;Largo de Barros, 24, Farias, São Paulo;(041) 7132-9905;xaragao@example.com;8552,2
416;Lucca Silveira;Área João Lucas Pires, 46, Pereira, Espírito Santo;+55 31 7987-1552;cauecardoso@example.org;13108,98
417;Bryan Caldeira;Aeroporto de Castro, Fogaça, Minas Gerais;51 3355 3038;mirellanascimento@example.org;10863,34
418;João Ramos;Trevo de Cavalcanti, 43, Souza de Dias, Rio de Janeiro;+55 (041) 8957 8091;otavio92@example.com;10028,8
419;Benício Oliveira;Recanto Oliveira, 12, Ribeiro Alegre, Rio de Janeiro;0800 653 2720;marcelada-conceicao@example.com;13688,38
420;Sr. Pedro Miguel Nogueira;Rua de Duarte, 72, Campos da Prata, Espírito Santo;(041) 8380 3919;ana13@example.net;10582,18
421;Caio Alves;Lagoa de da Mata, 11, Silva, Rio de Janeiro;81 7871 0357;lopeslivia@example.net;6099,57
422;Kaique Barros;Colônia Rocha, Jesus, Espírito Santo;+55 61 7105 3707;carvalhogustavo@example.org;4315,49
423;André Costa;Setor Maria Vitória Alves, Farias, São Paulo;(084) 2695 8184;ana-laura28@example.com;6551,18
424;João Gabriel Peixoto;Rua de Dias, 113, Peixoto, Espírito Santo;(051) 8755-0412;portoana-beatriz@example.net;6974,01
425;Sr. Samuel da Cruz;Favela Agatha Aragão, 86, Martins Alegre, Espírito Santo;41 2281 5509;hcampos@example.net;5947,07
426;Vitória da Costa;Lagoa Igor da Conceição, Cardoso das Pedras, Espírito Santo;0900-122-8925;aliciarocha@example.net;12300,43
427;Caio Rodrigues;Fazenda de Moura, 38, Gonçalves, São Paulo;+55 (084) 9480-5357;jda-mota@example.net;6675,74
428;Emilly Moreira;Ladeira Sofia Oliveira, 2, Gomes, São Paulo;(051) 6754-1321;laviniamoraes@example.com;12526,45
